id;name;description;category;creation_date
1;aha till spork;grandiose phew;brood between;2025-10-06T20:34:56
2;randomize always;dwell;thunderbolt supposing destock;2025-10-06T22:46:21
3;develop wisely;venom incidentally deliberately;consequently pile;2025-10-07T14:38:14
4;during;grim likewise;lift;2025-10-07T05:19:38
5;fussy;joyously oh amongst;gosh finally however;2025-10-07T13:29:28
6;bookend determined honorable;um;but likewise;2025-10-07T03:19:27
7;well-documented pulp;duh;finer disinherit lustrous;2025-10-06T18:35:32
8;vibraphone biodegrade easy;knowingly mystify;meaningfully record;2025-10-07T01:40:52
9;hmph;so steep;gestate overheard manner;2025-10-07T01:02:51
10;ouch sticky;intensely ugh;putrid suddenly frenetically;2025-10-07T03:20:41
