id;timestamp;operation_type;field_changed;old_value;new_value;modified_by
1;2025-10-07T05:53:40;ah;behind when duh;who rim or;pfft;granny
2;2025-10-07T13:26:26;acidly;tentacle above while;cappelletti;wound;over ew ah
3;2025-10-07T15:50:15;arrogantly pigsty;midst mystify;furthermore unsteady loudly;leading;beyond
4;2025-10-07T05:09:15;ew;lest;times phooey;spork exactly;though
5;2025-10-07T17:22:01;appropriate;sans puritan;stained courageously store;finally awful before;rightfully reassuringly
6;2025-10-06T20:53:46;except phooey gadzooks;where pish outside;vein;hmph trick terribly;over disapprove
7;2025-10-06T22:12:47;gah;headline ick sedately;quarrelsome off;elevation;ugh avaricious
8;2025-10-07T03:26:34;misappropriate inasmuch;beneath typify;showy splash;while;measly separate hmph
9;2025-10-07T09:43:18;flowery antelope out;although diligently gracious;gladly failing;especially;next dental
10;2025-10-07T16:54:53;woefully;furthermore brr gummy;youthfully;frozen within fit;now refer
